                  epoch,         train/box_loss,         train/cls_loss,         train/dfl_loss,   metrics/precision(B),      metrics/recall(B),       metrics/mAP50(B),    metrics/mAP50-95(B),           val/box_loss,           val/cls_loss,           val/dfl_loss,                 lr/pg0,                 lr/pg1,                 lr/pg2
                      1,                 1.1347,                 1.4326,                 1.2358,                 0.6574,                0.53408,                0.61542,                0.45739,                 1.0844,                 1.1279,                 1.1263,               8.33e-06,               8.33e-06,               8.33e-06
                      2,                 1.1099,                 1.3434,                 1.2377,                0.68231,                0.54296,                0.62648,                0.46588,                  1.081,                 1.1004,                 1.1228,             1.4316e-05,             1.4316e-05,             1.4316e-05
                      3,                 1.1961,                 1.3979,                 1.2364,                0.67343,                0.56499,                0.63952,                0.47476,                 1.0747,                 1.0823,                 1.1198,             1.6531e-05,             1.6531e-05,             1.6531e-05
                      4,                 1.1642,                 1.3207,                 1.2236,                0.68674,                0.57223,                0.65042,                 0.4849,                 1.0703,                 1.0649,                 1.1168,             1.4977e-05,             1.4977e-05,             1.4977e-05
                      5,                 1.1257,                 1.2844,                   1.22,                0.68016,                0.56691,                0.65295,                0.48758,                 1.0658,                 1.0532,                 1.1138,             9.6533e-06,             9.6533e-06,             9.6533e-06
