                  epoch,         train/box_loss,         train/cls_loss,         train/dfl_loss,   metrics/precision(B),      metrics/recall(B),       metrics/mAP50(B),    metrics/mAP50-95(B),           val/box_loss,           val/cls_loss,           val/dfl_loss,                 lr/pg0,                 lr/pg1,                 lr/pg2
                      1,                 1.0956,                 1.3647,                 1.2022,                0.65828,                0.53205,                0.61516,                0.45672,                 1.0813,                 1.1282,                 1.1243,               8.33e-06,               8.33e-06,               8.33e-06
                      2,                 1.2155,                 1.4409,                 1.2675,                0.68118,                0.53986,                0.63024,                0.46828,                 1.0766,                 1.0945,                 1.1216,             1.4316e-05,             1.4316e-05,             1.4316e-05
                      3,                 1.1882,                 1.3317,                 1.2388,                0.69378,                0.54739,                0.63746,                0.47232,                 1.0708,                 1.0746,                  1.119,             1.6531e-05,             1.6531e-05,             1.6531e-05
                      4,                 1.1519,                  1.321,                 1.2449,                0.69269,                0.54982,                0.64728,                 0.4772,                 1.0663,                 1.0618,                 1.1168,             1.4977e-05,             1.4977e-05,             1.4977e-05
                      5,                 1.2315,                 1.3748,                 1.2445,                0.68084,                0.57509,                0.65933,                0.48788,                 1.0601,                 1.0485,                 1.1118,             9.6533e-06,             9.6533e-06,             9.6533e-06
